date,time,pair,direction,session,setup,timeframe,entry,stop_loss,take_profit,exit_price,risk_pct,confluences,daily_bias,followed_plan,emotion,news_nearby,mistakes,notes
2026-01-05,16:42,EURUSD,Short,Overlap Londres-NY,Continuación tendencia,M15,1.06139,1.0639,1.05637,1.0575,1.0,"Asia High/Low, Correlación DXY confirma, PDH/PDL, FVG, Sesgo H4 a favor",Alcista,True,Tranquilo,False,Contra sesgo,
2026-01-05,10:00,EURUSD,Short,Londres,Barrido + FVG,M5,1.07903,1.08156,1.07397,1.08156,1.0,"Sesgo diario a favor, Sesgo H4 a favor",Bajista,True,Confiado,False,,
2026-01-06,08:43,EURUSD,Short,Londres,Continuación tendencia,M15,1.08152,1.0845,1.07854,1.0845,1.0,"EMA 200 a favor, PDH/PDL",Alcista,True,Aburrido,False,Contra sesgo,
2026-01-07,17:14,EURUSD,Short,Nueva York,Barrido + FVG,M15,1.08406,1.08691,1.07978,1.08691,1.0,"FVG, BOS / CHoCH, Divergencia RSI, Soporte/Resistencia",Alcista,True,Eufórico,False,Contra sesgo,
2026-01-07,09:53,EURUSD,Long,Londres,Reversión en OB,M15,1.11047,1.10711,1.11718,1.11718,1.0,"Liquidez barrida, FVG, Sesgo H4 a favor, Zona premium/discount, PDH/PDL",Bajista,False,Aburrido,False,"Riesgo excesivo, Contra sesgo",
2026-01-08,18:24,EURUSD,Long,Nueva York,Reversión en OB,M5,1.09167,1.08943,1.09391,1.08943,1.0,"Sesgo diario a favor, Noticia a favor, Sesgo H4 a favor",Alcista,True,Confiado,False,,
2026-01-09,18:25,EURUSD,Short,Nueva York,Reversión en OB,H1,1.05933,1.06084,1.05555,1.05789,1.0,"Sesgo diario a favor, Sesgo H4 a favor, BOS / CHoCH, Correlación DXY confirma, Divergencia RSI",Bajista,True,Frustrado,False,,
2026-01-09,15:12,EURUSD,Short,Overlap Londres-NY,Reversión en OB,M5,1.09558,1.09762,1.08945,1.08945,1.0,"Sesgo diario a favor, FVG, Noticia a favor, Correlación DXY confirma, Liquidez barrida",Bajista,True,Tranquilo,False,,
2026-01-12,16:40,EURUSD,Short,Overlap Londres-NY,Ruptura y retesteo,H1,1.07692,1.08032,1.07182,1.08032,1.0,"Sesgo diario a favor, Divergencia RSI, Nivel psicológico, Zona premium/discount",Bajista,True,Aburrido,True,,
2026-01-13,10:14,EURUSD,Short,Londres,Continuación tendencia,M15,1.07583,1.07794,1.06949,1.07794,1.0,"Divergencia RSI, Sesgo H4 a favor, PDH/PDL, Killzone, Order Block",Alcista,True,Ansioso,False,Contra sesgo,
2026-01-14,08:26,EURUSD,Short,Londres,Barrido + FVG,M5,1.08583,1.08909,1.07932,1.08659,1.0,Nivel psicológico,Alcista,False,FOMO,True,"Entrada tardía, Contra sesgo",
2026-01-14,08:36,EURUSD,Long,Londres,Barrido + FVG,M5,1.09563,1.09305,1.10207,1.09305,1.0,"Sesgo H4 a favor, BOS / CHoCH",Bajista,True,FOMO,True,Contra sesgo,
2026-01-15,16:18,EURUSD,Long,Overlap Londres-NY,Barrido + FVG,H1,1.07975,1.07666,1.08594,1.08457,1.0,Asia High/Low,Neutral,True,Tranquilo,False,,
2026-01-16,08:09,DXY,Short,Londres,Ruptura y retesteo,M5,101.516,101.73143,100.97742,101.69375,1.0,"Sesgo diario a favor, EMA 200 a favor, BOS / CHoCH",Bajista,True,Ansioso,False,,
2026-01-16,16:18,EURUSD,Short,Nueva York,Ruptura y retesteo,M15,1.08162,1.08444,1.07456,1.08444,1.0,"Zona premium/discount, PDH/PDL",Neutral,True,Ansioso,True,,
2026-01-19,10:18,EURUSD,Short,Londres,Reversión en OB,H1,1.08077,1.08243,1.07578,1.07578,1.0,"Killzone, Soporte/Resistencia, Nivel psicológico, Liquidez barrida, Asia High/Low",Alcista,True,Frustrado,True,Contra sesgo,
2026-01-20,17:13,EURUSD,Short,Nueva York,Continuación tendencia,H1,1.09543,1.09828,1.08973,1.09828,1.0,"Sesgo diario a favor, PDH/PDL",Bajista,True,Tranquilo,False,,
2026-01-20,08:46,EURUSD,Short,Londres,Continuación tendencia,M15,1.04366,1.04715,1.03318,1.04715,1.0,"Sesgo diario a favor, Patrón de velas, Noticia a favor",Bajista,True,Tranquilo,False,,
2026-01-21,16:01,EURUSD,Long,Overlap Londres-NY,Continuación tendencia,H1,1.11205,1.10947,1.11722,1.11722,1.0,Soporte/Resistencia,Bajista,True,Confiado,False,Contra sesgo,
2026-01-22,03:34,DXY,Long,Asia,Reversión en OB,M15,100.94,100.59243,101.46136,101.46136,1.0,"Sesgo diario a favor, Sesgo H4 a favor, Patrón de velas, Liquidez barrida, Asia High/Low",Alcista,True,Frustrado,False,,
2026-01-23,04:56,DXY,Short,Asia,Reversión en OB,M5,101.34,101.63395,100.7521,101.63395,1.0,PDH/PDL,Alcista,True,Confiado,True,Contra sesgo,
2026-01-23,10:16,DXY,Short,Londres,Reversión en OB,M15,102.244,102.52797,101.81804,102.52797,1.0,"Zona premium/discount, Killzone, Liquidez barrida, Order Block",Alcista,True,Tranquilo,False,Contra sesgo,
2026-01-26,08:32,EURUSD,Long,Londres,Reversión en OB,H1,1.09709,1.09517,1.10092,1.09517,1.0,"PDH/PDL, Zona premium/discount, Order Block",Bajista,True,Eufórico,False,Contra sesgo,
2026-01-27,16:04,EURUSD,Long,Nueva York,Reversión en OB,H1,1.10224,1.09938,1.1094,1.09938,1.0,"Sesgo diario a favor, FVG, PDH/PDL, Killzone",Alcista,False,Frustrado,False,Cerrar antes de TP,
2026-01-27,16:24,DXY,Long,Nueva York,Barrido + FVG,H1,104.544,104.26526,105.38021,104.26526,1.0,"Sesgo diario a favor, Order Block, Divergencia RSI, BOS / CHoCH, Patrón de velas, Killzone",Alcista,True,Frustrado,False,,
2026-01-28,18:55,DXY,Short,Nueva York,Continuación tendencia,H1,102.029,102.26081,101.44946,102.26081,1.0,"Sesgo H4 a favor, Divergencia RSI",Alcista,True,FOMO,True,Contra sesgo,
2026-01-29,18:42,EURUSD,Long,Nueva York,Barrido + FVG,M15,1.07904,1.07714,1.08283,1.08283,1.0,"Liquidez barrida, Nivel psicológico, Sesgo H4 a favor, Zona premium/discount",Neutral,True,Ansioso,False,,
2026-01-29,17:09,DXY,Long,Nueva York,Reversión en OB,H1,101.371,101.06991,101.97318,101.97318,1.0,"Correlación DXY confirma, Soporte/Resistencia, Noticia a favor",Bajista,True,Confiado,False,Contra sesgo,
2026-01-30,15:17,DXY,Long,Overlap Londres-NY,Barrido + FVG,M15,103.569,103.33487,103.92019,103.33487,1.0,"Sesgo diario a favor, EMA 200 a favor, Patrón de velas, Sesgo H4 a favor, Nivel psicológico",Alcista,True,Ansioso,False,,
2026-02-02,17:29,DXY,Short,Nueva York,Barrido + FVG,M5,105.862,106.14911,105.57489,105.98232,1.0,"FVG, EMA 200 a favor",Alcista,False,Confiado,False,"Sin confirmación, Contra sesgo",
2026-02-03,14:08,EURUSD,Long,Overlap Londres-NY,Continuación tendencia,M15,1.06045,1.05732,1.06672,1.06672,1.0,"Zona premium/discount, EMA 200 a favor, Correlación DXY confirma, PDH/PDL, Nivel psicológico",Bajista,True,FOMO,False,Contra sesgo,
2026-02-03,08:09,EURUSD,Long,Londres,Barrido + FVG,M5,1.06785,1.0655,1.07371,1.0655,1.0,"Nivel psicológico, Order Block, FVG, Zona premium/discount, Divergencia RSI",Bajista,False,Tranquilo,False,"Operar en noticia, Contra sesgo",
2026-02-04,17:29,DXY,Long,Nueva York,Barrido + FVG,H1,100.986,100.73815,101.35777,100.73815,1.0,"EMA 200 a favor, Correlación DXY confirma",Neutral,False,Frustrado,False,Mover SL,
2026-02-05,09:37,EURUSD,Long,Londres,Barrido + FVG,M15,1.08854,1.0865,1.09364,1.0865,1.0,"Correlación DXY confirma, Sesgo H4 a favor",Neutral,True,Confiado,True,,
2026-02-05,10:54,EURUSD,Long,Londres,Reversión en OB,H1,1.04885,1.04672,1.05098,1.04672,1.0,"Noticia a favor, Divergencia RSI, Patrón de velas, Soporte/Resistencia, Order Block",Neutral,False,Tranquilo,False,FOMO,
2026-02-06,17:25,EURUSD,Short,Nueva York,Barrido + FVG,M15,1.08791,1.09092,1.08189,1.08189,1.0,"Sesgo diario a favor, Asia High/Low, Order Block, PDH/PDL, EMA 200 a favor",Bajista,True,FOMO,False,,
2026-02-09,18:02,EURUSD,Long,Nueva York,Continuación tendencia,H1,1.0789,1.07583,1.08351,1.07583,1.0,BOS / CHoCH,Neutral,False,FOMO,False,Entrada anticipada,
2026-02-09,04:18,EURUSD,Long,Asia,Continuación tendencia,M15,1.1027,1.10065,1.10782,1.10065,1.0,"Sesgo diario a favor, Liquidez barrida, EMA 200 a favor, Soporte/Resistencia, Correlación DXY confirma",Alcista,True,Tranquilo,False,,
2026-02-10,10:03,EURUSD,Short,Londres,Reversión en OB,M15,1.04981,1.05277,1.04537,1.05277,1.0,"Sesgo diario a favor, Asia High/Low, Patrón de velas, Order Block, Correlación DXY confirma, Divergencia RSI",Bajista,True,Tranquilo,False,,
2026-02-11,10:53,EURUSD,Long,Londres,Reversión en OB,M15,1.06154,1.05903,1.06405,1.06405,1.0,"Sesgo diario a favor, Killzone, Correlación DXY confirma, FVG, Order Block, Asia High/Low",Alcista,True,FOMO,False,,
2026-02-12,18:58,DXY,Long,Nueva York,Ruptura y retesteo,H1,101.535,101.33201,102.04246,101.33201,1.0,Correlación DXY confirma,Bajista,True,Confiado,False,Contra sesgo,
2026-02-12,10:35,EURUSD,Short,Londres,Barrido + FVG,H1,1.07277,1.07492,1.06848,1.07492,1.0,Order Block,Alcista,True,Ansioso,False,Contra sesgo,
2026-02-13,16:41,EURUSD,Long,Nueva York,Continuación tendencia,M15,1.12115,1.11884,1.12461,1.11884,1.0,Order Block,Bajista,True,Frustrado,True,Contra sesgo,
2026-02-16,08:09,EURUSD,Short,Londres,Ruptura y retesteo,H1,1.07317,1.07561,1.06585,1.07561,1.0,"Sesgo diario a favor, Divergencia RSI, Zona premium/discount, Liquidez barrida, Nivel psicológico",Bajista,False,Aburrido,True,Operar en noticia,
2026-02-16,17:09,EURUSD,Short,Nueva York,Ruptura y retesteo,M5,1.08685,1.08926,1.08082,1.08926,1.0,"Patrón de velas, PDH/PDL, Killzone, BOS / CHoCH, Nivel psicológico",Alcista,True,Frustrado,True,Contra sesgo,
2026-02-17,09:25,EURUSD,Short,Londres,Reversión en OB,H1,1.10886,1.11187,1.10434,1.10434,1.0,EMA 200 a favor,Alcista,True,Ansioso,False,Contra sesgo,
2026-02-18,04:07,DXY,Long,Asia,Ruptura y retesteo,H1,101.329,101.14982,101.77695,101.14982,1.0,"Sesgo diario a favor, Patrón de velas",Alcista,True,Tranquilo,False,,
2026-02-18,02:50,EURUSD,Long,Asia,Continuación tendencia,M15,1.1079,1.10627,1.11117,1.10627,1.0,"Sesgo diario a favor, Patrón de velas",Alcista,True,Aburrido,True,,
2026-02-19,02:45,EURUSD,Short,Asia,Barrido + FVG,M15,1.05564,1.05902,1.04888,1.05902,1.0,"Soporte/Resistencia, BOS / CHoCH, EMA 200 a favor, Nivel psicológico, Asia High/Low",Alcista,True,Confiado,False,Contra sesgo,
2026-02-20,18:41,EURUSD,Long,Nueva York,Ruptura y retesteo,M15,1.05087,1.04881,1.05498,1.05498,1.0,"Sesgo diario a favor, Order Block, Sesgo H4 a favor",Alcista,True,FOMO,False,,
2026-02-23,08:04,EURUSD,Long,Londres,Continuación tendencia,H1,1.13143,1.12875,1.13545,1.13545,1.0,"Sesgo diario a favor, BOS / CHoCH, Divergencia RSI, Order Block, Correlación DXY confirma, Noticia a favor",Alcista,True,Ansioso,False,,
2026-02-23,10:00,EURUSD,Short,Londres,Ruptura y retesteo,M5,1.04452,1.04742,1.03871,1.04742,1.0,"BOS / CHoCH, Divergencia RSI",Neutral,False,Eufórico,True,FOMO,
2026-02-24,08:11,EURUSD,Long,Londres,Continuación tendencia,H1,1.06797,1.06645,1.07025,1.06988,1.0,"Sesgo diario a favor, Divergencia RSI",Alcista,True,Aburrido,False,,
2026-02-25,08:59,EURUSD,Long,Londres,Ruptura y retesteo,M5,1.09546,1.09261,1.10117,1.10117,1.0,"Sesgo diario a favor, Correlación DXY confirma, PDH/PDL, Noticia a favor, Sesgo H4 a favor, Liquidez barrida",Alcista,False,Tranquilo,False,Entrada anticipada,
2026-02-25,16:14,DXY,Short,Overlap Londres-NY,Reversión en OB,H1,103.997,104.18241,103.81159,104.16098,1.0,"Sesgo diario a favor, Order Block, Sesgo H4 a favor, Zona premium/discount, Liquidez barrida",Bajista,True,FOMO,False,,
2026-02-26,16:07,EURUSD,Short,Nueva York,Barrido + FVG,M5,1.06655,1.06861,1.06037,1.06861,1.0,"Noticia a favor, Killzone",Alcista,True,Confiado,False,Contra sesgo,
2026-02-27,16:24,DXY,Long,Nueva York,Reversión en OB,M15,104.784,104.50925,105.47088,105.47088,1.0,"Sesgo diario a favor, Zona premium/discount, Noticia a favor, Killzone, Liquidez barrida",Alcista,False,Tranquilo,False,Entrada tardía,
2026-02-27,10:17,EURUSD,Long,Londres,Reversión en OB,M15,1.06928,1.0667,1.07444,1.0667,1.0,"Soporte/Resistencia, Divergencia RSI, PDH/PDL",Bajista,True,Ansioso,True,Contra sesgo,
2026-03-02,02:56,EURUSD,Short,Asia,Ruptura y retesteo,H1,1.09329,1.0964,1.08706,1.0964,1.0,"Sesgo diario a favor, Divergencia RSI, Patrón de velas, Nivel psicológico, EMA 200 a favor, Zona premium/discount",Bajista,True,Tranquilo,False,,
2026-03-03,17:36,EURUSD,Long,Nueva York,Barrido + FVG,M5,1.06174,1.0585,1.07145,1.0585,1.0,"Sesgo diario a favor, EMA 200 a favor, Correlación DXY confirma, Sesgo H4 a favor",Alcista,False,Frustrado,False,Sobreoperar,
2026-03-04,09:41,EURUSD,Short,Londres,Barrido + FVG,H1,1.08166,1.08354,1.07791,1.08354,1.0,Nivel psicológico,Alcista,False,Tranquilo,True,"Entrada tardía, Contra sesgo",
2026-03-04,08:25,EURUSD,Short,Londres,Reversión en OB,M15,1.07428,1.07597,1.07175,1.07465,1.0,"Sesgo diario a favor, Zona premium/discount, Patrón de velas, PDH/PDL, FVG",Bajista,False,Confiado,False,Contra sesgo,
2026-03-05,10:51,EURUSD,Long,Londres,Ruptura y retesteo,M15,1.08598,1.0834,1.09115,1.0834,1.0,"Sesgo diario a favor, Divergencia RSI, EMA 200 a favor, Zona premium/discount",Alcista,True,Frustrado,False,,
2026-03-06,18:34,EURUSD,Short,Nueva York,Continuación tendencia,H1,1.09763,1.10069,1.09304,1.09304,1.0,"Sesgo diario a favor, Divergencia RSI",Bajista,True,Eufórico,False,,
2026-03-06,17:46,DXY,Short,Nueva York,Barrido + FVG,M15,100.675,100.83977,100.34546,100.83977,1.0,"Sesgo diario a favor, Nivel psicológico, FVG, Soporte/Resistencia, PDH/PDL, Asia High/Low",Bajista,False,Aburrido,True,Entrada tardía,
2026-03-09,16:53,EURUSD,Long,Nueva York,Reversión en OB,M5,1.07461,1.07252,1.07983,1.07252,1.0,"Patrón de velas, Nivel psicológico, PDH/PDL, BOS / CHoCH",Bajista,True,Eufórico,True,Contra sesgo,
2026-03-10,17:53,EURUSD,Long,Nueva York,Continuación tendencia,H1,1.05075,1.04771,1.05379,1.0489,1.0,"Sesgo diario a favor, EMA 200 a favor, BOS / CHoCH, Killzone, Sesgo H4 a favor",Alcista,False,Tranquilo,False,Operar en noticia,
2026-03-10,14:17,DXY,Long,Overlap Londres-NY,Continuación tendencia,M15,102.729,102.54031,103.10638,102.54031,1.0,"Sesgo diario a favor, BOS / CHoCH",Alcista,True,Ansioso,False,,
2026-03-11,16:36,DXY,Short,Nueva York,Reversión en OB,H1,104.713,105.05327,104.03247,105.05327,1.0,"Liquidez barrida, PDH/PDL, Zona premium/discount, Correlación DXY confirma",Alcista,True,Confiado,False,Contra sesgo,
2026-03-12,15:57,EURUSD,Short,Overlap Londres-NY,Reversión en OB,H1,1.08279,1.08446,1.0786,1.08446,1.0,"Sesgo diario a favor, Asia High/Low, Divergencia RSI, Sesgo H4 a favor",Bajista,False,Tranquilo,False,Entrada tardía,
2026-03-13,14:47,EURUSD,Long,Overlap Londres-NY,Ruptura y retesteo,H1,1.08875,1.08565,1.0934,1.08565,1.0,Killzone,Bajista,True,Tranquilo,False,Contra sesgo,
2026-03-13,16:17,EURUSD,Short,Nueva York,Reversión en OB,H1,1.04363,1.04554,1.04172,1.04554,1.0,Zona premium/discount,Neutral,True,Ansioso,False,,
2026-03-16,09:08,DXY,Short,Londres,Continuación tendencia,M15,104.386,104.60767,104.16433,104.60767,1.0,"Soporte/Resistencia, Correlación DXY confirma, FVG, Nivel psicológico, Asia High/Low",Alcista,False,Eufórico,False,Contra sesgo,
2026-03-17,18:21,DXY,Long,Nueva York,Continuación tendencia,H1,104.485,104.3332,104.94039,104.3332,1.0,"Patrón de velas, BOS / CHoCH, Zona premium/discount",Neutral,True,Tranquilo,True,,
2026-03-17,09:03,EURUSD,Short,Londres,Reversión en OB,H1,1.10611,1.1094,1.10117,1.10117,1.0,"Sesgo diario a favor, Sesgo H4 a favor, Order Block",Bajista,True,Ansioso,False,,
2026-03-18,17:36,EURUSD,Short,Nueva York,Continuación tendencia,M15,1.08628,1.08813,1.08258,1.08258,1.0,"Sesgo diario a favor, FVG, Asia High/Low, Zona premium/discount",Bajista,True,FOMO,False,,
2026-03-19,10:37,EURUSD,Short,Londres,Barrido + FVG,H1,1.10384,1.10593,1.09862,1.1012,1.0,"Sesgo diario a favor, Divergencia RSI, Zona premium/discount, Correlación DXY confirma",Bajista,True,Tranquilo,False,,
2026-03-19,18:16,EURUSD,Long,Nueva York,Continuación tendencia,M15,1.06583,1.06291,1.0702,1.06291,1.0,"Asia High/Low, Nivel psicológico, Noticia a favor",Bajista,True,Frustrado,False,Contra sesgo,
2026-03-20,14:27,EURUSD,Long,Overlap Londres-NY,Barrido + FVG,H1,1.11034,1.10795,1.11393,1.10795,1.0,"FVG, EMA 200 a favor",Bajista,True,Tranquilo,False,Contra sesgo,
2026-03-23,16:31,EURUSD,Long,Nueva York,Continuación tendencia,H1,1.06939,1.06713,1.07391,1.06713,1.0,FVG,Bajista,False,Tranquilo,False,"Sin confirmación, Contra sesgo",
2026-03-24,09:00,EURUSD,Long,Londres,Barrido + FVG,M5,1.11108,1.10827,1.11952,1.11952,1.0,"EMA 200 a favor, Correlación DXY confirma, PDH/PDL, BOS / CHoCH",Bajista,True,Confiado,False,Contra sesgo,
2026-03-24,14:34,EURUSD,Short,Overlap Londres-NY,Ruptura y retesteo,M15,1.10673,1.10896,1.10117,1.10896,1.0,"Killzone, Soporte/Resistencia",Alcista,True,Tranquilo,False,Contra sesgo,
2026-03-25,14:23,EURUSD,Long,Overlap Londres-NY,Reversión en OB,M5,1.12014,1.11739,1.12838,1.12838,1.0,"Sesgo diario a favor, Liquidez barrida, Nivel psicológico, FVG, Patrón de velas, Sesgo H4 a favor",Alcista,False,FOMO,False,Riesgo excesivo,
2026-03-26,15:05,EURUSD,Long,Overlap Londres-NY,Reversión en OB,H1,1.09244,1.09001,1.09608,1.09532,1.0,"Sesgo diario a favor, EMA 200 a favor, FVG, Zona premium/discount",Alcista,True,Confiado,False,,
2026-03-26,09:51,EURUSD,Short,Londres,Ruptura y retesteo,H1,1.0657,1.06818,1.06073,1.06073,1.0,"Sesgo diario a favor, Patrón de velas, Divergencia RSI, Order Block, Zona premium/discount, Noticia a favor",Bajista,True,Confiado,False,,
2026-03-27,08:18,EURUSD,Short,Londres,Ruptura y retesteo,H1,1.10595,1.10846,1.10218,1.10218,1.0,"Sesgo diario a favor, Sesgo H4 a favor, Liquidez barrida, Zona premium/discount, Soporte/Resistencia, Correlación DXY confirma",Bajista,False,Confiado,False,Operar en noticia,
2026-03-30,04:38,EURUSD,Long,Asia,Reversión en OB,M5,1.1091,1.1069,1.1135,1.11183,1.0,"Sesgo diario a favor, Sesgo H4 a favor, Correlación DXY confirma",Alcista,True,Confiado,False,,
2026-03-30,18:32,EURUSD,Short,Nueva York,Barrido + FVG,M15,1.06085,1.06286,1.05582,1.05582,1.0,"Correlación DXY confirma, Sesgo H4 a favor, Asia High/Low, PDH/PDL",Alcista,True,Ansioso,False,Contra sesgo,
2026-03-31,14:25,EURUSD,Long,Overlap Londres-NY,Barrido + FVG,H1,1.07571,1.07343,1.08027,1.07343,1.0,"Sesgo diario a favor, PDH/PDL, FVG, Correlación DXY confirma, Zona premium/discount, Soporte/Resistencia",Alcista,False,FOMO,False,Mover SL,
2026-04-01,18:09,EURUSD,Short,Nueva York,Ruptura y retesteo,M5,1.07876,1.08225,1.07004,1.07004,1.0,"Sesgo diario a favor, Noticia a favor, Killzone",Bajista,True,Tranquilo,False,,
2026-04-01,17:39,DXY,Short,Nueva York,Continuación tendencia,M5,105.264,105.42789,104.93622,105.42789,1.0,"Soporte/Resistencia, BOS / CHoCH, Divergencia RSI, PDH/PDL, Nivel psicológico",Alcista,True,Tranquilo,False,Contra sesgo,
2026-04-02,18:20,EURUSD,Long,Nueva York,Ruptura y retesteo,M15,1.10353,1.10163,1.10733,1.10733,1.0,"Correlación DXY confirma, Liquidez barrida, Order Block, Nivel psicológico",Bajista,True,Tranquilo,False,Contra sesgo,
2026-04-03,10:39,EURUSD,Short,Londres,Barrido + FVG,H1,1.10367,1.10581,1.10153,1.10455,1.0,"Sesgo diario a favor, Killzone, Divergencia RSI",Bajista,True,Confiado,False,,
2026-04-06,16:40,DXY,Short,Nueva York,Reversión en OB,M5,102.315,102.65626,101.29121,101.55959,1.0,"Sesgo diario a favor, Sesgo H4 a favor, FVG, Soporte/Resistencia, EMA 200 a favor, PDH/PDL",Bajista,False,Tranquilo,False,Operar en noticia,
2026-04-06,14:22,EURUSD,Long,Overlap Londres-NY,Continuación tendencia,M15,1.11169,1.1084,1.12157,1.12157,1.0,"Sesgo diario a favor, FVG",Alcista,True,Tranquilo,False,,
2026-04-07,16:11,DXY,Long,Overlap Londres-NY,Barrido + FVG,H1,101.969,101.74363,102.41973,102.41973,1.0,"Zona premium/discount, Liquidez barrida, EMA 200 a favor, Killzone, FVG",Bajista,True,Confiado,False,Contra sesgo,
2026-04-08,16:21,EURUSD,Long,Overlap Londres-NY,Continuación tendencia,M15,1.07661,1.07487,1.08009,1.08009,1.0,"Nivel psicológico, Zona premium/discount, PDH/PDL",Bajista,True,Tranquilo,False,Contra sesgo,
2026-04-08,10:31,DXY,Short,Londres,Reversión en OB,H1,101.932,102.18977,101.41645,101.41645,1.0,"Sesgo diario a favor, PDH/PDL",Bajista,True,Tranquilo,False,,
2026-04-09,14:34,EURUSD,Short,Overlap Londres-NY,Barrido + FVG,M15,1.08268,1.08491,1.07711,1.07711,1.0,"Sesgo diario a favor, Soporte/Resistencia, Correlación DXY confirma, Sesgo H4 a favor, Liquidez barrida",Bajista,True,Confiado,False,,
2026-04-10,10:42,EURUSD,Long,Londres,Continuación tendencia,M5,1.12353,1.1217,1.12812,1.1217,1.0,"Divergencia RSI, FVG, Noticia a favor, BOS / CHoCH",Neutral,False,Aburrido,False,Sobreoperar,
2026-04-13,17:11,EURUSD,Long,Nueva York,Barrido + FVG,M15,1.03694,1.03498,1.0389,1.03498,1.0,"Patrón de velas, Soporte/Resistencia",Bajista,False,Tranquilo,False,"Entrada anticipada, Contra sesgo",
2026-04-13,15:21,EURUSD,Short,Overlap Londres-NY,Ruptura y retesteo,M5,1.11047,1.11293,1.10432,1.11293,1.0,"FVG, Divergencia RSI, Nivel psicológico",Alcista,False,Tranquilo,True,"Entrada tardía, Contra sesgo",
2026-04-14,10:27,EURUSD,Long,Londres,Continuación tendencia,M15,1.07976,1.07691,1.08831,1.08453,1.0,"Sesgo diario a favor, PDH/PDL, Sesgo H4 a favor, Nivel psicológico, Correlación DXY confirma, FVG",Alcista,True,Tranquilo,False,,
2026-04-15,09:57,EURUSD,Short,Londres,Barrido + FVG,M5,1.08329,1.08656,1.07348,1.07547,1.0,"Divergencia RSI, Asia High/Low, PDH/PDL, Liquidez barrida, Nivel psicológico",Alcista,True,Tranquilo,False,Contra sesgo,
2026-04-15,08:50,EURUSD,Long,Londres,Ruptura y retesteo,H1,1.09343,1.09013,1.10168,1.09013,1.0,Sesgo H4 a favor,Neutral,True,Tranquilo,True,,
2026-04-16,03:02,EURUSD,Long,Asia,Barrido + FVG,M15,1.10217,1.09883,1.10885,1.09883,1.0,"Liquidez barrida, Soporte/Resistencia, BOS / CHoCH, PDH/PDL, Patrón de velas",Bajista,False,Ansioso,False,"Entrada anticipada, Contra sesgo",
2026-04-17,17:18,DXY,Long,Nueva York,Continuación tendencia,M15,103.557,103.28853,104.09394,103.28853,1.0,"FVG, Sesgo H4 a favor",Neutral,False,Tranquilo,False,Cerrar antes de TP,
2026-04-17,09:13,EURUSD,Short,Londres,Reversión en OB,M5,1.08912,1.0913,1.08475,1.08703,1.0,"Divergencia RSI, Asia High/Low",Neutral,True,Confiado,False,,
2026-04-20,14:46,EURUSD,Long,Overlap Londres-NY,Reversión en OB,M5,1.03404,1.03237,1.03737,1.03237,1.0,Correlación DXY confirma,Bajista,True,Eufórico,False,Contra sesgo,
2026-04-21,10:16,DXY,Long,Londres,Continuación tendencia,H1,101.856,101.5496,102.4688,101.71225,1.0,"EMA 200 a favor, Asia High/Low",Bajista,True,Confiado,False,Contra sesgo,
2026-04-22,17:02,EURUSD,Short,Nueva York,Reversión en OB,H1,1.06045,1.06282,1.05454,1.05677,1.0,"Sesgo diario a favor, Liquidez barrida, Patrón de velas, Zona premium/discount, Correlación DXY confirma",Bajista,True,Aburrido,False,,
2026-04-22,08:11,EURUSD,Long,Londres,Reversión en OB,M15,1.0583,1.05566,1.06225,1.05566,1.0,"Correlación DXY confirma, BOS / CHoCH, Patrón de velas, Soporte/Resistencia, PDH/PDL",Bajista,True,Tranquilo,True,Contra sesgo,
2026-04-23,17:54,EURUSD,Long,Nueva York,Ruptura y retesteo,M5,1.04872,1.0457,1.05627,1.0457,1.0,"BOS / CHoCH, Asia High/Low, Nivel psicológico",Bajista,True,Tranquilo,False,Contra sesgo,
2026-04-24,04:17,EURUSD,Long,Asia,Reversión en OB,M15,1.09207,1.08903,1.09815,1.08903,1.0,"Asia High/Low, Order Block, Zona premium/discount, Divergencia RSI",Bajista,False,Frustrado,False,"FOMO, Contra sesgo",
2026-04-24,10:19,DXY,Long,Londres,Continuación tendencia,H1,104.218,103.93722,105.06034,104.11268,1.0,Asia High/Low,Bajista,True,Frustrado,False,Contra sesgo,
2026-04-27,16:16,EURUSD,Short,Overlap Londres-NY,Continuación tendencia,H1,1.06778,1.07045,1.06244,1.07045,1.0,"Sesgo diario a favor, Killzone",Bajista,False,Tranquilo,False,Entrada tardía,
2026-04-28,14:58,EURUSD,Long,Overlap Londres-NY,Ruptura y retesteo,H1,1.09848,1.09604,1.10458,1.09604,1.0,"Soporte/Resistencia, Noticia a favor, Killzone, EMA 200 a favor, Zona premium/discount",Neutral,True,Tranquilo,False,,
2026-04-28,17:17,EURUSD,Long,Nueva York,Continuación tendencia,M15,1.05921,1.05736,1.06199,1.06008,1.0,"Liquidez barrida, PDH/PDL, FVG, Killzone, Soporte/Resistencia",Bajista,False,Tranquilo,False,"Revenge trading, Contra sesgo",
2026-04-29,08:10,EURUSD,Long,Londres,Barrido + FVG,M15,1.07004,1.06715,1.07581,1.06715,1.0,"Sesgo diario a favor, Zona premium/discount, Patrón de velas, Soporte/Resistencia, Liquidez barrida",Alcista,True,Aburrido,False,,
2026-04-30,17:45,DXY,Long,Nueva York,Barrido + FVG,H1,103.006,102.72109,103.43337,102.72109,1.0,"Asia High/Low, Sesgo H4 a favor, Killzone",Bajista,False,Ansioso,False,"Operar en noticia, Contra sesgo",
2026-05-01,10:33,EURUSD,Long,Londres,Ruptura y retesteo,M15,1.07269,1.06961,1.07577,1.07544,1.0,"Liquidez barrida, Zona premium/discount, Sesgo H4 a favor",Bajista,True,Confiado,False,Contra sesgo,
2026-05-01,08:25,EURUSD,Long,Londres,Continuación tendencia,M5,1.10621,1.10336,1.1119,1.10522,1.0,EMA 200 a favor,Bajista,False,Ansioso,True,"Entrada anticipada, Contra sesgo",
2026-05-04,09:40,EURUSD,Long,Londres,Barrido + FVG,M15,1.05703,1.0553,1.05963,1.05963,1.0,FVG,Bajista,True,FOMO,False,Contra sesgo,
2026-05-05,16:37,EURUSD,Long,Overlap Londres-NY,Reversión en OB,H1,1.09719,1.09404,1.10506,1.10506,1.0,"Sesgo diario a favor, Killzone, Divergencia RSI, BOS / CHoCH, Order Block, FVG",Alcista,True,Aburrido,False,,
2026-05-05,10:03,EURUSD,Short,Londres,Continuación tendencia,H1,1.05621,1.05872,1.04869,1.05872,1.0,"Sesgo diario a favor, Patrón de velas, Asia High/Low, EMA 200 a favor",Bajista,True,Tranquilo,False,,
2026-05-06,16:01,EURUSD,Long,Overlap Londres-NY,Barrido + FVG,M5,1.11459,1.11215,1.12069,1.12069,1.0,"Nivel psicológico, FVG",Bajista,True,Confiado,False,Contra sesgo,
2026-05-07,15:03,EURUSD,Long,Overlap Londres-NY,Ruptura y retesteo,M5,1.09187,1.08968,1.09516,1.08968,1.0,"Liquidez barrida, Soporte/Resistencia, Correlación DXY confirma, EMA 200 a favor, Patrón de velas",Bajista,True,Confiado,False,Contra sesgo,
2026-05-07,15:43,EURUSD,Short,Overlap Londres-NY,Continuación tendencia,M5,1.07547,1.07829,1.06842,1.07829,1.0,"Zona premium/discount, Soporte/Resistencia, Nivel psicológico, PDH/PDL",Alcista,True,Venganza,False,"Revenge trading, Contra sesgo",
2026-05-08,09:54,DXY,Long,Londres,Ruptura y retesteo,M15,106.734,106.56642,107.06916,106.56642,1.0,"Sesgo diario a favor, Killzone, Correlación DXY confirma, Asia High/Low, Sesgo H4 a favor, Patrón de velas",Alcista,False,Frustrado,False,Cerrar antes de TP,
2026-05-11,04:40,DXY,Short,Asia,Reversión en OB,H1,102.923,103.14641,102.25278,102.99279,1.0,"BOS / CHoCH, Order Block",Neutral,True,FOMO,False,,
2026-05-12,08:13,EURUSD,Long,Londres,Reversión en OB,M15,1.07236,1.07027,1.07862,1.0707,1.0,"Noticia a favor, Asia High/Low, Order Block, FVG",Bajista,False,Tranquilo,False,"Sin confirmación, Contra sesgo",
2026-05-12,17:28,EURUSD,Long,Nueva York,Reversión en OB,M15,1.0832,1.08125,1.0871,1.08125,1.0,Asia High/Low,Neutral,True,Tranquilo,False,,
2026-05-13,08:34,EURUSD,Long,Londres,Ruptura y retesteo,M15,1.09749,1.09465,1.10458,1.09465,1.0,"Sesgo diario a favor, Correlación DXY confirma, Asia High/Low",Alcista,True,Frustrado,False,,
2026-05-14,16:40,DXY,Short,Nueva York,Ruptura y retesteo,H1,103.572,103.74409,103.31386,103.31386,1.0,"Sesgo diario a favor, Correlación DXY confirma, BOS / CHoCH, FVG",Bajista,False,Tranquilo,False,Sobreoperar,
2026-05-14,10:36,DXY,Long,Londres,Reversión en OB,M5,102.119,101.95456,102.28344,101.95456,1.0,"Sesgo diario a favor, Patrón de velas, Nivel psicológico, Asia High/Low, Noticia a favor",Alcista,True,Ansioso,False,,
2026-05-15,08:08,EURUSD,Long,Londres,Reversión en OB,M15,1.07145,1.06802,1.08001,1.06802,1.0,"Liquidez barrida, Soporte/Resistencia, Noticia a favor",Bajista,True,Tranquilo,False,Contra sesgo,
2026-05-18,09:13,DXY,Long,Londres,Barrido + FVG,M15,102.678,102.48329,102.97006,102.48329,1.0,Sesgo H4 a favor,Neutral,True,Tranquilo,False,,
2026-05-18,04:24,EURUSD,Short,Asia,Ruptura y retesteo,M5,1.08773,1.08927,1.08311,1.08927,1.0,"Sesgo diario a favor, Divergencia RSI, Noticia a favor",Bajista,False,Tranquilo,True,Contra sesgo,
2026-05-19,10:18,DXY,Long,Londres,Ruptura y retesteo,M5,102.23,102.06679,102.39321,102.39321,1.0,"Patrón de velas, Asia High/Low, Divergencia RSI",Neutral,True,Tranquilo,False,,
2026-05-20,14:52,DXY,Short,Overlap Londres-NY,Continuación tendencia,M5,103.288,103.51577,102.94635,102.94635,1.0,"Sesgo diario a favor, PDH/PDL",Bajista,True,Aburrido,False,,
2026-05-21,08:25,EURUSD,Short,Londres,Barrido + FVG,H1,1.10376,1.10601,1.09813,1.09813,1.0,"Nivel psicológico, Patrón de velas, PDH/PDL, Killzone",Alcista,True,Eufórico,False,Contra sesgo,
2026-05-21,15:16,EURUSD,Long,Overlap Londres-NY,Ruptura y retesteo,M5,1.07201,1.06852,1.07725,1.06852,1.0,"FVG, Zona premium/discount, Patrón de velas, Divergencia RSI",Bajista,False,Eufórico,False,"Revenge trading, Contra sesgo",
2026-05-22,08:22,EURUSD,Long,Londres,Reversión en OB,H1,1.06257,1.05933,1.07228,1.05933,1.0,"Correlación DXY confirma, Nivel psicológico, Patrón de velas, Divergencia RSI, Order Block",Bajista,False,Confiado,False,"FOMO, Contra sesgo",
2026-05-25,09:00,DXY,Short,Londres,Barrido + FVG,M5,101.202,101.40549,100.89677,101.40549,1.0,"PDH/PDL, FVG, Zona premium/discount, BOS / CHoCH",Alcista,False,Confiado,False,"Sobreoperar, Contra sesgo",
2026-05-25,18:36,EURUSD,Short,Nueva York,Reversión en OB,M5,1.05884,1.0617,1.05456,1.0617,1.0,"Sesgo diario a favor, Liquidez barrida, PDH/PDL, Correlación DXY confirma, Zona premium/discount",Bajista,False,Frustrado,True,Sobreoperar,
2026-05-26,16:45,EURUSD,Short,Overlap Londres-NY,Barrido + FVG,H1,1.08335,1.08663,1.07843,1.07843,1.0,"Sesgo diario a favor, Divergencia RSI, Killzone, Patrón de velas, Asia High/Low, Zona premium/discount",Bajista,False,Confiado,False,Sobreoperar,
2026-05-27,08:15,EURUSD,Short,Londres,Ruptura y retesteo,M5,1.07492,1.07803,1.06714,1.07803,1.0,Nivel psicológico,Alcista,True,Confiado,False,Contra sesgo,
2026-05-27,17:42,DXY,Short,Nueva York,Continuación tendencia,M5,103.269,103.47589,102.85522,102.99232,1.0,"PDH/PDL, Zona premium/discount, EMA 200 a favor, Asia High/Low, FVG",Neutral,True,Confiado,False,,
2026-05-28,08:26,EURUSD,Short,Londres,Continuación tendencia,H1,1.10073,1.10342,1.09266,1.10342,1.0,"Sesgo diario a favor, Killzone, Asia High/Low",Bajista,True,Eufórico,False,,
2026-05-29,09:53,EURUSD,Long,Londres,Ruptura y retesteo,H1,1.06889,1.06613,1.07716,1.06613,1.0,"Zona premium/discount, Order Block, PDH/PDL, Patrón de velas",Bajista,False,Tranquilo,True,"FOMO, Contra sesgo",
